,type,rcvTime,pos,noise,spd,spd_noise,sendTime,sender,messageID,pos_noise,RSSI
0,2,10800.0,"[3610.808689155647, 5434.584071092829, 1.895]","[0.0, 0.0, 0.0]","[-3.521886075669631, 30.51676817695764, 0.0]","[0.0, 0.0, 0.0]",,,,,
1,2,10800.1,"[3610.455279505821, 5437.646328111793, 1.895]","[0.0, 0.0, 0.0]","[-3.5383426765796298, 30.65936287311347, 0.0]","[0.0, 0.0, 0.0]",,,,,
2,2,10800.199999999999,"[3610.1033609298747, 5440.695665134224, 1.895]","[0.0, 0.0, 0.0]","[-3.523414022703485, 30.53000767543141, 0.0]","[0.0, 0.0, 0.0]",,,,,
3,2,10800.3,"[3609.751475468968, 5443.7447152183595, 1.895]","[0.0, 0.0, 0.0]","[-3.523082474432574, 30.527134844935055, 0.0]","[0.0, 0.0, 0.0]",,,,,
4,3,10800.392893331087,"[3597.1520859538705, 5542.199221013564, 1.895]",,"[-3.178365760312756, 38.7989694164331, 0.0]","[0.0, 0.0, 0.0]",10800.392784793165,13.0,38.0,"[0.0, 0.0, 0.0]",1.115287211193831e-07
5,2,10800.4,"[3609.398493800021, 5446.803263828545, 1.895]","[0.0, 0.0, 0.0]","[-3.5340577256506718, 30.622234229193285, 0.0]","[0.0, 0.0, 0.0]",,,,,
6,3,10800.456257969776,"[3596.8058614714364, 5692.1134167356, 1.895]",,"[1.2824674250276291, -29.864002810956773, 0.0]","[0.0, 0.0, 0.0]",10800.456150335958,31.0,104.0,"[0.0, 0.0, 0.0]",3.218739521509698e-09
7,2,10800.5,"[3609.0466025024166, 5449.85236448704, 1.895]","[0.0, 0.0, 0.0]","[-3.523140911531434, 30.527641196186394, 0.0]","[0.0, 0.0, 0.0]",,,,,
8,3,10800.582131455656,"[3597.77049261071, 5764.800892637684, 1.895]",,"[-0.020161171020262002, -34.568847861282705, 0.0]","[0.0, 0.0, 0.0]",10800.58201979124,25.0,137.0,"[0.0, 0.0, 0.0]",2.900247942261562e-09
9,2,10800.6,"[3608.693181149798, 5452.914722909464, 1.895]","[0.0, 0.0, 0.0]","[-3.538459845118441, 30.66037812606467, 0.0]","[0.0, 0.0, 0.0]",,,,,
10,3,10800.670748173432,"[3822.8920061526037, 5266.806009069768, 1.895]",,"[1.30536212587596, -0.9887296651368701, 0.0]","[0.0, 0.0, 0.0]",10800.6706378737,43.0,172.0,"[0.0, 0.0, 0.0]",1.746130740340401e-08
11,2,10800.699999999999,"[3608.3401442045947, 5455.973750482529, 1.895]","[0.0, 0.0, 0.0]","[-3.534611152351565, 30.627029612675077, 0.0]","[0.0, 0.0, 0.0]",,,,,
12,2,10800.8,"[3607.9872430966025, 5459.031601040609, 1.895]","[0.0, 0.0, 0.0]","[-3.533251148172808, 30.615245321120344, 0.0]","[0.0, 0.0, 0.0]",,,,,
13,3,10800.870127664493,"[3617.100033807479, 5417.782781289675, 1.895]",,"[4.9379503396949564, -39.87757802978829, 0.0]","[0.0, 0.0, 0.0]",10800.870012145257,19.0,193.0,"[0.0, 0.0, 0.0]",3.7103977854118566e-07
14,2,10800.9,"[3607.6351765763884, 5462.082219984382, 1.895]","[0.0, 0.0, 0.0]","[-3.524895242912089, 30.542842290995626, 0.0]","[0.0, 0.0, 0.0]",,,,,
15,2,10801.0,"[3607.2824720274557, 5465.13836737912, 1.895]","[0.0, 0.0, 0.0]","[-3.531283195939933, 30.598193224379106, 0.0]","[0.0, 0.0, 0.0]",,,,,
16,2,10801.1,"[3606.9303801159954, 5468.189206335339, 1.895]","[0.0, 0.0, 0.0]","[-3.525149460446397, 30.54504505887974, 0.0]","[0.0, 0.0, 0.0]",,,,,
17,2,10801.199999999999,"[3606.5780479372474, 5471.242127182042, 1.895]","[0.0, 0.0, 0.0]","[-3.527555020106884, 30.565888977406637, 0.0]","[0.0, 0.0, 0.0]",,,,,
18,2,10801.3,"[3606.2263328205804, 5474.289701251462, 1.895]","[0.0, 0.0, 0.0]","[-3.5213769853663672, 30.512356963638393, 0.0]","[0.0, 0.0, 0.0]",,,,,
19,3,10801.392901556192,"[3593.982139694547, 5580.895411836837, 1.895]",,"[-3.166224942512135, 38.65076393787597, 0.0]","[0.0, 0.0, 0.0]",10801.392784793165,13.0,257.0,"[0.0, 0.0, 0.0]",2.4920116556467508e-08
20,2,10801.4,"[3605.873369762498, 5477.348088600482, 1.895]","[0.0, 0.0, 0.0]","[-3.533871393396689, 30.620619680001727, 0.0]","[0.0, 0.0, 0.0]",,,,,
21,3,10801.456265790384,"[3598.0910889609227, 5662.1851420599705, 1.895]",,"[1.282719421597081, -29.869870894753344, 0.0]","[0.0, 0.0, 0.0]",10801.456150335958,31.0,317.0,"[0.0, 0.0, 0.0]",9.640261643785642e-09
22,2,10801.5,"[3605.52122467384, 5480.399388331461, 1.895]","[0.0, 0.0, 0.0]","[-3.525681871339268, 30.549658342633258, 0.0]","[0.0, 0.0, 0.0]",,,,,
23,3,10801.582126247231,"[3598.458786986237, 5730.5230103800095, 1.895]",,"[1.459861591293167, -34.0257489797638, 0.0]","[0.0, 0.0, 0.0]",10801.58201979124,25.0,350.0,"[0.0, 0.0, 0.0]",8.708451187475431e-09
24,2,10801.6,"[3605.2703538109154, 5483.457521623028, 1.895]","[0.0, 0.0, 0.0]","[-2.832658427743525, 30.5901124516879, 0.0]","[0.0, 0.0, 0.0]",,,,,
25,3,10801.670756171652,"[3825.1961086986253, 5265.1973348684, 1.895]",,"[3.057783376452038, -2.2014119284437212, 0.0]","[0.0, 0.0, 0.0]",10801.6706378737,43.0,381.0,"[0.0, 0.0, 0.0]",1.12642577828173e-08
26,2,10801.699999999999,"[3605.0195105762646, 5486.519656015667, 1.895]","[0.0, 0.0, 0.0]","[-2.511446200562803, 30.658135136527374, 0.0]","[0.0, 0.0, 0.0]",,,,,
27,2,10801.8,"[3604.768875185504, 5489.579253182521, 1.895]","[0.0, 0.0, 0.0]","[-2.509365264439321, 30.632732394165647, 0.0]","[0.0, 0.0, 0.0]",,,,,
28,3,10801.870118306302,"[3622.053411372471, 5377.780617077725, 1.895]",,"[4.947129899297883, -39.95170971986224, 0.0]","[0.0, 0.0, 0.0]",10801.870012145257,19.0,410.0,"[0.0, 0.0, 0.0]",5.939836493343719e-09
29,2,10801.9,"[3604.517661939982, 5492.645904432133, 1.895]","[0.0, 0.0, 0.0]","[-2.515150754911481, 30.703357975789043, 0.0]","[0.0, 0.0, 0.0]",,,,,
30,2,10802.0,"[3604.266510233304, 5495.711804454754, 1.895]","[0.0, 0.0, 0.0]","[-2.514534627096601, 30.695836679969236, 0.0]","[0.0, 0.0, 0.0]",,,,,
31,2,10802.1,"[3604.0149431297486, 5498.782775377795, 1.895]","[0.0, 0.0, 0.0]","[-2.518693586815111, 30.74660661047736, 0.0]","[0.0, 0.0, 0.0]",,,,,
32,2,10802.199999999999,"[3603.7636516379307, 5501.850381808341, 1.895]","[0.0, 0.0, 0.0]","[-2.515934157996141, 30.71292126152876, 0.0]","[0.0, 0.0, 0.0]",,,,,
33,2,10802.3,"[3603.512187739599, 5504.920092867765, 1.895]","[0.0, 0.0, 0.0]","[-2.517660294578894, 30.733992837183557, 0.0]","[0.0, 0.0, 0.0]",,,,,
34,3,10802.392895062767,"[3590.8061736716168, 5619.665087161795, 1.895]",,"[-3.174213872618352, 38.74828646303853, 0.0]","[0.0, 0.0, 0.0]",10802.392784793165,13.0,439.0,"[0.0, 0.0, 0.0]",2.2692792540808153e-09
35,2,10802.4,"[3603.260815074918, 5507.988690204909, 1.895]","[0.0, 0.0, 0.0]","[-2.516746861911964, 30.722842233147297, 0.0]","[0.0, 0.0, 0.0]",,,,,
36,3,10802.456258892427,"[3599.8680687225988, 5632.305432029379, 1.895]",,"[2.507947203533661, -29.791207268132045, 0.0]","[0.0, 0.0, 0.0]",10802.456150335958,31.0,493.0,"[0.0, 0.0, 0.0]",2.540990995999349e-09
37,2,10802.5,"[3603.0095467169926, 5511.056014231632, 1.895]","[0.0, 0.0, 0.0]","[-2.515702541116066, 30.710093830229575, 0.0]","[0.0, 0.0, 0.0]",,,,,
38,3,10802.582132323316,"[3599.907312274775, 5696.761482470395, 1.895]",,"[1.439896144434641, -33.56040398601323, 0.0]","[0.0, 0.0, 0.0]",10802.58201979124,25.0,521.0,"[0.0, 0.0, 0.0]",2.8811284242727224e-09
39,2,10802.6,"[3602.758240405416, 5514.123801572355, 1.895]","[0.0, 0.0, 0.0]","[-2.516082533641357, 30.71473253691152, 0.0]","[0.0, 0.0, 0.0]",,,,,
40,3,10802.670747302518,"[3829.3667362201413, 5262.327980580308, 1.895]",,"[5.060284391720792, -3.481430226852285, 0.0]","[0.0, 0.0, 0.0]",10802.6706378737,43.0,549.0,"[0.0, 0.0, 0.0]",2.2725860453197123e-09
41,2,10802.699999999999,"[3602.5075774981856, 5517.183734642734, 1.895]","[0.0, 0.0, 0.0]","[-2.5096407597427133, 30.63609546526908, 0.0]","[0.0, 0.0, 0.0]",,,,,
42,2,10802.8,"[3602.2566946091247, 5520.24635311115, 1.895]","[0.0, 0.0, 0.0]","[-2.511843221107921, 30.662981710400643, 0.0]","[0.0, 0.0, 0.0]",,,,,
43,3,10802.870122519931,"[3627.003043329184, 5337.808701405376, 1.895]",,"[4.940952624413968, -39.90182368532391, 0.0]","[0.0, 0.0, 0.0]",10802.870012145257,19.0,573.0,"[0.0, 0.0, 0.0]",1.263652439168768e-08
44,2,10802.9,"[3602.0053709750964, 5523.314351913323, 1.895]","[0.0, 0.0, 0.0]","[-2.516255966285852, 30.716849692100663, 0.0]","[0.0, 0.0, 0.0]",,,,,
45,2,10803.0,"[3601.7537570244644, 5526.385894715631, 1.895]","[0.0, 0.0, 0.0]","[-2.519162620443497, 30.75233227422271, 0.0]","[0.0, 0.0, 0.0]",,,,,
46,2,10803.1,"[3601.5022409510702, 5529.456242694973, 1.895]","[0.0, 0.0, 0.0]","[-2.5181826720783773, 30.740369688888936, 0.0]","[0.0, 0.0, 0.0]",,,,,
47,2,10803.199999999999,"[3601.2509427433984, 5532.523931108387, 1.895]","[0.0, 0.0, 0.0]","[-2.5160013972267823, 30.7137420752173, 0.0]","[0.0, 0.0, 0.0]",,,,,
48,2,10803.3,"[3600.999306579303, 5535.595745078502, 1.895]","[0.0, 0.0, 0.0]","[-2.519385021971341, 30.755047210340933, 0.0]","[0.0, 0.0, 0.0]",,,,,
49,3,10803.39289933027,"[3588.263021778535, 5658.4090838301045, 1.895]",,"[-1.620634026797085, 38.77583958314621, 0.0]","[0.0, 0.0, 0.0]",10803.392784793165,13.0,603.0,"[0.0, 0.0, 0.0]",2.657969852846446e-09
50,2,10803.4,"[3600.748307296057, 5538.659784412973, 1.895]","[0.0, 0.0, 0.0]","[-2.513008561419944, 30.677207442506138, 0.0]","[0.0, 0.0, 0.0]",,,,,
51,3,10803.456262756155,"[3602.3790971430108, 5602.477623842976, 1.895]",,"[2.512383221802747, -29.84390149528553, 0.0]","[0.0, 0.0, 0.0]",10803.456150335958,31.0,659.0,"[0.0, 0.0, 0.0]",1.391584523856086e-08
52,2,10803.5,"[3600.497622490163, 5541.719984808287, 1.895]","[0.0, 0.0, 0.0]","[-2.509860009490429, 30.638771926501896, 0.0]","[0.0, 0.0, 0.0]",,,,,
53,3,10803.58213616369,"[3601.336889391266, 5663.441589404483, 1.895]",,"[1.423817363474826, -33.1856475240909, 0.0]","[0.0, 0.0, 0.0]",10803.58201979124,25.0,689.0,"[0.0, 0.0, 0.0]",2.6586320624373185e-08
54,2,10803.6,"[3600.246160755254, 5544.789669458024, 1.895]","[0.0, 0.0, 0.0]","[-2.51763863435698, 30.733728423000695, 0.0]","[0.0, 0.0, 0.0]",,,,,
55,3,10803.670746161344,"[3835.37483477866, 5258.194462716815, 1.895]",,"[6.940681231823946, -4.775126369369575, 0.0]","[0.0, 0.0, 0.0]",10803.6706378737,43.0,717.0,"[0.0, 0.0, 0.0]",5.47572745860399e-09
56,2,10803.699999999999,"[3599.994731607561, 5547.858956303795, 1.895]","[0.0, 0.0, 0.0]","[-2.517312370669971, 30.729745603777165, 0.0]","[0.0, 0.0, 0.0]",,,,,
57,2,10803.8,"[3599.7435618343075, 5550.925076871653, 1.895]","[0.0, 0.0, 0.0]","[-2.514715509914528, 30.698044782167347, 0.0]","[0.0, 0.0, 0.0]",,,,,
58,3,10803.870121474632,"[3632.6264555128014, 5297.923544243891, 1.895]",,"[6.251120541940336, -39.70526627774028, 0.0]","[0.0, 0.0, 0.0]",10803.870012145257,19.0,741.0,"[0.0, 0.0, 0.0]",1.253964262182018e-08
59,2,10803.9,"[3599.492914252747, 5553.98482285602, 1.895]","[0.0, 0.0, 0.0]","[-2.5094873189088522, 30.634222357334934, 0.0]","[0.0, 0.0, 0.0]",,,,,
60,2,10804.0,"[3599.241272083295, 5557.056710135707, 1.895]","[0.0, 0.0, 0.0]","[-2.519445147692109, 30.755781186871424, 0.0]","[0.0, 0.0, 0.0]",,,,,
61,2,10804.1,"[3598.9905626285727, 5560.117211428211, 1.895]","[0.0, 0.0, 0.0]","[-2.5101067939243853, 30.641784513641582, 0.0]","[0.0, 0.0, 0.0]",,,,,
62,2,10804.199999999999,"[3598.7393468470386, 5563.183893635848, 1.895]","[0.0, 0.0, 0.0]","[-2.515176145506223, 30.70366792799293, 0.0]","[0.0, 0.0, 0.0]",,,,,
63,2,10804.3,"[3598.487756708723, 5566.255145752571, 1.895]","[0.0, 0.0, 0.0]","[-2.518924211180936, 30.749421925807326, 0.0]","[0.0, 0.0, 0.0]",,,,,
64,3,10804.392901241848,"[3586.64159530315, 5697.203883806994, 1.895]",,"[-1.621225568545202, 38.789993011627246, 0.0]","[0.0, 0.0, 0.0]",10804.392784793165,13.0,765.0,"[0.0, 0.0, 0.0]",4.48333384212791e-09
65,2,10804.4,"[3598.236828631525, 5569.318315848973, 1.895]","[0.0, 0.0, 0.0]","[-2.512295645406398, 30.668504618022215, 0.0]","[0.0, 0.0, 0.0]",,,,,
66,3,10804.456264291483,"[3604.8903207624435, 5572.647496941699, 1.895]",,"[2.512135442474528, -29.84095819356318, 0.0]","[0.0, 0.0, 0.0]",10804.456150335958,31.0,817.0,"[0.0, 0.0, 0.0]",2.451456254e-06
67,2,10804.5,"[3597.9855488450653, 5572.385779387965, 1.895]","[0.0, 0.0, 0.0]","[-2.515816963772879, 30.711490629155673, 0.0]","[0.0, 0.0, 0.0]",,,,,
68,3,10804.582137665624,"[3603.3237298505082, 5630.548546019835, 1.895]",,"[2.755088564557343, -32.72468568251772, 0.0]","[0.0, 0.0, 0.0]",10804.58201979124,25.0,847.0,"[0.0, 0.0, 0.0]",3.16802267749547e-08
69,2,10804.6,"[3597.7341832241186, 5575.454290739683, 1.895]","[0.0, 0.0, 0.0]","[-2.516676339934084, 30.721981345771944, 0.0]","[0.0, 0.0, 0.0]",,,,,
70,2,10804.699999999999,"[3597.483287702747, 5578.5170634153, 1.895]","[0.0, 0.0, 0.0]","[-2.511969695991748, 30.664525635197165, 0.0]","[0.0, 0.0, 0.0]",,,,,
71,2,10804.8,"[3597.231691293367, 5581.58839208518, 1.895]","[0.0, 0.0, 0.0]","[-2.518986997166825, 30.750188377159347, 0.0]","[0.0, 0.0, 0.0]",,,,,
72,3,10804.870128356044,"[3638.8903273693572, 5258.137285392278, 1.895]",,"[6.264281173056467, -39.788858708809975, 0.0]","[0.0, 0.0, 0.0]",10804.870012145257,19.0,887.0,"[0.0, 0.0, 0.0]",6.41009289350588e-09
73,2,10804.9,"[3596.9804560640223, 5584.6553116993, 1.895]","[0.0, 0.0, 0.0]","[-2.515370857274226, 30.706044845241227, 0.0]","[0.0, 0.0, 0.0]",,,,,
74,2,10805.0,"[3596.728883163366, 5587.726353389653, 1.895]","[0.0, 0.0, 0.0]","[-2.518751627474209, 30.747315133865055, 0.0]","[0.0, 0.0, 0.0]",,,,,
75,2,10805.1,"[3596.478188759209, 5590.786670954449, 1.895]","[0.0, 0.0, 0.0]","[-2.50995610744308, 30.639945029088608, 0.0]","[0.0, 0.0, 0.0]",,,,,
76,2,10805.199999999999,"[3596.2268462515894, 5593.854900153402, 1.895]","[0.0, 0.0, 0.0]","[-2.516444928961966, 30.719156428098024, 0.0]","[0.0, 0.0, 0.0]",,,,,
77,2,10805.3,"[3595.975326723482, 5596.925290305684, 1.895]","[0.0, 0.0, 0.0]","[-2.518217260720511, 30.740791924988955, 0.0]","[0.0, 0.0, 0.0]",,,,,
78,3,10805.392903190806,"[3585.0196044733407, 5736.012186719338, 1.895]",,"[-1.621549823375411, 38.79775124279594, 0.0]","[0.0, 0.0, 0.0]",10805.392784793165,13.0,907.0,"[0.0, 0.0, 0.0]",2.244049461036279e-09
79,2,10805.4,"[3595.7246189006128, 5599.985771677571, 1.895]","[0.0, 0.0, 0.0]","[-2.5100904557897943, 30.641585068141975, 0.0]","[0.0, 0.0, 0.0]",,,,,
80,3,10805.456266580086,"[3607.4017884206087, 5542.81447117219, 1.895]",,"[2.509995247896261, -29.815535417470507, 0.0]","[0.0, 0.0, 0.0]",10805.456150335958,31.0,957.0,"[0.0, 0.0, 0.0]",1.452820938322101e-07
81,2,10805.5,"[3595.4740357446576, 5603.044731195195, 1.895]","[0.0, 0.0, 0.0]","[-2.508842288788403, 30.62634824057665, 0.0]","[0.0, 0.0, 0.0]",,,,,
82,3,10805.5821266196,"[3606.059551231734, 5598.052714148646, 1.895]",,"[2.725295613140606, -32.370807777026926, 0.0]","[0.0, 0.0, 0.0]",10805.58201979124,25.0,985.0,"[0.0, 0.0, 0.0]",2.693800293e-06
83,2,10805.6,"[3595.222538400652, 5606.114850538099, 1.895]","[0.0, 0.0, 0.0]","[-2.51799515316284, 30.7380805774713, 0.0]","[0.0, 0.0, 0.0]",,,,,
84,3,10805.670756117208,"[3853.5873140583844, 5247.215126140976, 1.895]",,"[12.062131188983306, -4.818241963705452, 0.0]","[0.0, 0.0, 0.0]",10805.6706378737,43.0,1009.0,"[0.0, 0.0, 0.0]",2.2534984104546233e-09
85,2,10805.699999999999,"[3594.9709485982935, 5609.186098553664, 1.895]","[0.0, 0.0, 0.0]","[-2.5189208475686673, 30.749380864965545, 0.0]","[0.0, 0.0, 0.0]",,,,,
86,2,10805.8,"[3594.7194229708375, 5612.256563162911, 1.895]","[0.0, 0.0, 0.0]","[-2.518278327489709, 30.741537389239124, 0.0]","[0.0, 0.0, 0.0]",,,,,
87,3,10805.870118669667,"[3645.154262273462, 5218.35062608131, 1.895]",,"[6.248190670164705, -39.686656599992176, 0.0]","[0.0, 0.0, 0.0]",10805.870012145257,19.0,1029.0,"[0.0, 0.0, 0.0]",5.531704587413733e-09
88,2,10805.9,"[3594.468683404141, 5615.317432043218, 1.895]","[0.0, 0.0, 0.0]","[-2.510408275461113, 30.64546480820178, 0.0]","[0.0, 0.0, 0.0]",,,,,
89,2,10806.0,"[3594.2176592297687, 5618.381775232696, 1.895]","[0.0, 0.0, 0.0]","[-2.5132577717460842, 30.680249643353772, 0.0]","[0.0, 0.0, 0.0]",,,,,
90,3,10806.068193540148,"[5560.0, 5820.0, 1.895]",,"[-3.702477897933404, -32.14729983117567, 0.0]","[0.0, 0.0, 0.0]",10806.068074076204,49.0,1058.0,"[0.0, 0.0, 0.0]",4.631093159674812e-09
91,2,10806.1,"[3593.9667797975576, 5621.444351502094, 1.895]","[0.0, 0.0, 0.0]","[-2.511808611075378, 30.662559213205977, 0.0]","[0.0, 0.0, 0.0]",,,,,
92,2,10806.199999999999,"[3593.715770209391, 5624.508516632469, 1.895]","[0.0, 0.0, 0.0]","[-2.513111734440469, 30.67846691296938, 0.0]","[0.0, 0.0, 0.0]",,,,,
93,2,10806.3,"[3593.4647134011148, 5627.573258195859, 1.895]","[0.0, 0.0, 0.0]","[-2.51358450288208, 30.68423816889671, 0.0]","[0.0, 0.0, 0.0]",,,,,
94,3,10806.392901551832,"[3584.4157817031723, 5774.86769348827, 1.895]",,"[-0.037707722490183004, 38.905667826790285, 0.0]","[0.0, 0.0, 0.0]",10806.392784793165,13.0,1079.0,"[0.0, 0.0, 0.0]",1.6700531781973951e-09
95,2,10806.4,"[3593.2135577479044, 5630.639206395232, 1.895]","[0.0, 0.0, 0.0]","[-2.514574139833162, 30.6963190263213, 0.0]","[0.0, 0.0, 0.0]",,,,,
96,3,10806.456265344588,"[3609.9127411706413, 5512.987561853178, 1.895]",,"[2.507657574800107, -29.78776684894064, 0.0]","[0.0, 0.0, 0.0]",10806.456150335958,31.0,1143.0,"[0.0, 0.0, 0.0]",1.9654405285074082e-08
97,2,10806.5,"[3592.962364708957, 5633.705610975858, 1.895]","[0.0, 0.0, 0.0]","[-2.514948446387396, 30.700888322226998, 0.0]","[0.0, 0.0, 0.0]",,,,,
98,3,10806.582125367682,"[3608.768657155875, 5565.874205991551, 1.895]",,"[2.698335529628585, -32.05057841298574, 0.0]","[0.0, 0.0, 0.0]",10806.58201979124,25.0,1170.0,"[0.0, 0.0, 0.0]",4.137281654247057e-09
99,2,10806.6,"[3592.7117619658843, 5636.764809600533, 1.895]","[0.0, 0.0, 0.0]","[-2.509038395301814, 30.628742183949967, 0.0]","[0.0, 0.0, 0.0]",,,,,
100,2,10806.699999999999,"[3592.4601407856217, 5639.836440657565, 1.895]","[0.0, 0.0, 0.0]","[-2.519235003614936, 30.753215881824882, 0.0]","[0.0, 0.0, 0.0]",,,,,
101,2,10806.8,"[3592.209236874057, 5642.908277463865, 1.895]","[0.0, 0.0, 0.0]","[-2.514360119647951, 30.755233546653265, 0.0]","[0.0, 0.0, 0.0]",,,,,
102,2,10806.9,"[3592.081015954353, 5645.979268887464, 1.895]","[0.0, 0.0, 0.0]","[-1.667491476586532, 30.728389565931494, 0.0]","[0.0, 0.0, 0.0]",,,,,
103,2,10807.0,"[3591.952845236425, 5649.049057939217, 1.895]","[0.0, 0.0, 0.0]","[-1.283247136449083, 30.734773697550146, 0.0]","[0.0, 0.0, 0.0]",,,,,
104,3,10807.06818512691,"[5560.0, 5820.0, 1.895]",,"[-3.705587567007226, -32.174299982619985, 0.0]","[0.0, 0.0, 0.0]",10807.068074076204,49.0,1225.0,"[0.0, 0.0, 0.0]",1.8607857805779732e-09
105,2,10807.1,"[3591.8242792557467, 5652.128313843351, 1.895]","[0.0, 0.0, 0.0]","[-1.287204512996046, 30.829555964548078, 0.0]","[0.0, 0.0, 0.0]",,,,,
106,2,10807.199999999999,"[3591.6957607715717, 5655.206432169025, 1.895]","[0.0, 0.0, 0.0]","[-1.286728977291797, 30.81816651208134, 0.0]","[0.0, 0.0, 0.0]",,,,,
107,2,10807.3,"[3591.567315354906, 5658.282800470642, 1.895]","[0.0, 0.0, 0.0]","[-1.285997424304304, 30.800645245151838, 0.0]","[0.0, 0.0, 0.0]",,,,,
108,2,10807.4,"[3591.4390525676604, 5661.3547946546505, 1.895]","[0.0, 0.0, 0.0]","[-1.2841689358281791, 30.75685151452743, 0.0]","[0.0, 0.0, 0.0]",,,,,
109,2,10807.5,"[3591.3106019675724, 5664.431287103293, 1.895]","[0.0, 0.0, 0.0]","[-1.286049320803251, 30.801888207017697, 0.0]","[0.0, 0.0, 0.0]",,,,,
110,3,10807.582136345898,"[3611.454690865074, 5533.969747457286, 1.895]",,"[2.67702159308707, -31.79741345744395, 0.0]","[0.0, 0.0, 0.0]",10807.58201979124,25.0,1331.0,"[0.0, 0.0, 0.0]",1.661169838030051e-09
111,2,10807.6,"[3591.1825263974692, 5667.498797290148, 1.895]","[0.0, 0.0, 0.0]","[-1.28229451500997, 30.711957668263963, 0.0]","[0.0, 0.0, 0.0]",,,,,
112,2,10807.699999999999,"[3591.0543196571352, 5670.56944910674, 1.895]","[0.0, 0.0, 0.0]","[-1.283607793314796, 30.743411711958565, 0.0]","[0.0, 0.0, 0.0]",,,,,
113,2,10807.8,"[3590.9260636280133, 5673.641281428396, 1.895]","[0.0, 0.0, 0.0]","[-1.284101273394148, 30.755230946246296, 0.0]","[0.0, 0.0, 0.0]",,,,,
114,2,10807.9,"[3590.7978924713448, 5676.711080988333, 1.895]","[0.0, 0.0, 0.0]","[-1.2832515291243, 30.734878905642095, 0.0]","[0.0, 0.0, 0.0]",,,,,
115,2,10808.0,"[3590.6696989755806, 5679.78141558711, 1.895]","[0.0, 0.0, 0.0]","[-1.2834751884857951, 30.74023572247469, 0.0]","[0.0, 0.0, 0.0]",,,,,
116,3,10808.068189686735,"[5560.0, 5820.0, 1.895]",,"[-3.6929962904219673, -32.0649744026161, 0.0]","[0.0, 0.0, 0.0]",10808.068074076204,49.0,1378.0,"[0.0, 0.0, 0.0]",3.5280943054218613e-09
117,2,10808.1,"[3590.541424996587, 5682.853677822242, 1.895]","[0.0, 0.0, 0.0]","[-1.28428098777404, 30.759535246367232, 0.0]","[0.0, 0.0, 0.0]",,,,,
118,2,10808.199999999999,"[3590.4132000711274, 5685.9247651868245, 1.895]","[0.0, 0.0, 0.0]","[-1.283789863063756, 30.747772424931345, 0.0]","[0.0, 0.0, 0.0]",,,,,
119,2,10808.3,"[3590.2848343380842, 5688.99922500329, 1.895]","[0.0, 0.0, 0.0]","[-1.285199630688787, 30.781537463395694, 0.0]","[0.0, 0.0, 0.0]",,,,,
120,2,10808.4,"[3590.1562638087635, 5692.078589850967, 1.895]","[0.0, 0.0, 0.0]","[-1.287250054070182, 30.83064670893217, 0.0]","[0.0, 0.0, 0.0]",,,,,
121,3,10808.456268288217,"[3616.010229045259, 5453.41877885493, 1.895]",,"[3.677503746123922, -29.691351282252537, 0.0]","[0.0, 0.0, 0.0]",10808.456150335958,31.0,1442.0,"[0.0, 0.0, 0.0]",1.090664417083742e-08
122,2,10808.5,"[3590.027824687892, 5695.154807363374, 1.895]","[0.0, 0.0, 0.0]","[-1.2859343907155671, 30.799135541346438, 0.0]","[0.0, 0.0, 0.0]",,,,,
123,3,10808.582128309492,"[3614.121030579344, 5502.299212362792, 1.895]",,"[2.65807023913566, -31.57231103811899, 0.0]","[0.0, 0.0, 0.0]",10808.58201979124,25.0,1472.0,"[0.0, 0.0, 0.0]",5.334976268183506e-09
124,2,10808.6,"[3589.8994488361886, 5698.22950952968, 1.895]","[0.0, 0.0, 0.0]","[-1.285300938864868, 30.783963873612002, 0.0]","[0.0, 0.0, 0.0]",,,,,
125,2,10808.699999999999,"[3589.7710010469023, 5701.305934657416, 1.895]","[0.0, 0.0, 0.0]","[-1.286021179016106, 30.801214189105448, 0.0]","[0.0, 0.0, 0.0]",,,,,
126,2,10808.8,"[3589.6427431410443, 5704.377811928372, 1.895]","[0.0, 0.0, 0.0]","[-1.2841200633036252, 30.75568097929727, 0.0]","[0.0, 0.0, 0.0]",,,,,
127,2,10808.9,"[3589.514530268195, 5707.448610623512, 1.895]","[0.0, 0.0, 0.0]","[-1.283669192151554, 30.744882262174077, 0.0]","[0.0, 0.0, 0.0]",,,,,
128,2,10809.0,"[3589.386097632644, 5710.524672807415, 1.895]","[0.0, 0.0, 0.0]","[-1.285869459586703, 30.797580390050424, 0.0]","[0.0, 0.0, 0.0]",,,,,
129,3,10809.068181231149,"[5560.0, 5820.0, 1.895]",,"[-2.140879851639126, -32.25954698321503, 0.0]","[0.0, 0.0, 0.0]",10809.068074076204,49.0,1511.0,"[0.0, 0.0, 0.0]",2.229308437613747e-08
130,2,10809.1,"[3589.2580670117673, 5713.591106425102, 1.895]","[0.0, 0.0, 0.0]","[-1.281844482688844, 30.701179041717708, 0.0]","[0.0, 0.0, 0.0]",,,,,
131,2,10809.199999999999,"[3589.129482362263, 5716.670809462225, 1.895]","[0.0, 0.0, 0.0]","[-1.2873914255585799, 30.83403266669764, 0.0]","[0.0, 0.0, 0.0]",,,,,
132,2,10809.3,"[3589.001127596147, 5719.745006612195, 1.895]","[0.0, 0.0, 0.0]","[-1.285089829649424, 30.77890764252897, 0.0]","[0.0, 0.0, 0.0]",,,,,
133,3,10809.39290224264,"[3584.6276482153576, 5891.452273086082, 1.895]",,"[1.655923623283511, 38.79711963842775, 0.0]","[0.0, 0.0, 0.0]",10809.392784793165,13.0,1535.0,"[0.0, 0.0, 0.0]",5.464634146898199e-09
134,2,10809.4,"[3588.873085163223, 5722.811723137665, 1.895]","[0.0, 0.0, 0.0]","[-1.2819627450792521, 30.704011518648137, 0.0]","[0.0, 0.0, 0.0]",,,,,
135,3,10809.456267248695,"[3619.6917626302666, 5423.694891545467, 1.895]",,"[3.676236243922362, -29.68111775003667, 0.0]","[0.0, 0.0, 0.0]",10809.456150335958,31.0,1583.0,"[0.0, 0.0, 0.0]",1.3271497355643141e-08
136,2,10809.5,"[3588.744937565413, 5725.880958444501, 1.895]","[0.0, 0.0, 0.0]","[-1.283015657488301, 30.729229595197975, 0.0]","[0.0, 0.0, 0.0]",,,,,
137,3,10809.582127269603,"[3617.168449393162, 5470.892022454396, 1.895]",,"[3.868788020185736, -31.2281622537075, 0.0]","[0.0, 0.0, 0.0]",10809.58201979124,25.0,1611.0,"[0.0, 0.0, 0.0]",1.281446220917195e-08
138,2,10809.6,"[3588.6168542826354, 5728.948653355946, 1.895]","[0.0, 0.0, 0.0]","[-1.282371734423326, 30.713807133601534, 0.0]","[0.0, 0.0, 0.0]",,,,,
139,2,10809.699999999999,"[3588.4888178722176, 5732.015225637678, 1.895]","[0.0, 0.0, 0.0]","[-1.281902447658144, 30.702567348199846, 0.0]","[0.0, 0.0, 0.0]",,,,,
140,2,10809.8,"[3588.3602576868097, 5735.094342740528, 1.895]","[0.0, 0.0, 0.0]","[-1.287146490657664, 30.828166284037227, 0.0]","[0.0, 0.0, 0.0]",,,,,
141,2,10809.9,"[3588.2321503946278, 5738.162612696011, 1.895]","[0.0, 0.0, 0.0]","[-1.2826121169389, 30.719564483068478, 0.0]","[0.0, 0.0, 0.0]",,,,,
142,2,10810.0,"[3588.1038470823846, 5741.235577485438, 1.895]","[0.0, 0.0, 0.0]","[-1.28457467270835, 30.766569230423546, 0.0]","[0.0, 0.0, 0.0]",,,,,
143,3,10810.06818164914,"[5560.0, 5820.0, 1.895]",,"[-2.141590472775269, -32.270254877873924, 0.0]","[0.0, 0.0, 0.0]",10810.068074076204,49.0,1649.0,"[0.0, 0.0, 0.0]",3.193795103456521e-08
144,2,10810.1,"[3587.9757172813715, 5744.30438654505, 1.895]","[0.0, 0.0, 0.0]","[-1.28283747569121, 30.72496200164172, 0.0]","[0.0, 0.0, 0.0]",,,,,
145,2,10810.199999999999,"[3587.847726783045, 5747.3698591962475, 1.895]","[0.0, 0.0, 0.0]","[-1.28144277512014, 30.691557830917187, 0.0]","[0.0, 0.0, 0.0]",,,,,
146,2,10810.3,"[3587.7395147668913, 5750.450126032926, 1.895]","[0.0, 0.0, 0.0]","[-1.147613817221043, 30.84084175326842, 0.0]","[0.0, 0.0, 0.0]",,,,,
147,2,10810.4,"[3587.736528964142, 5753.527569958904, 1.895]","[0.0, 0.0, 0.0]","[-0.28607726155537805, 30.810100803636978, 0.0]","[0.0, 0.0, 0.0]",,,,,
148,3,10810.456266974008,"[3623.370838316425, 5393.990848767289, 1.895]",,"[3.684743397272883, -29.749802623253508, 0.0]","[0.0, 0.0, 0.0]",10810.456150335958,31.0,1732.0,"[0.0, 0.0, 0.0]",5.093702790239656e-09
149,2,10810.5,"[3587.733539032107, 5756.609269907879, 1.895]","[0.0, 0.0, 0.0]","[-0.029935244056715004, 30.85402577790768, 0.0]","[0.0, 0.0, 0.0]",,,,,
150,3,10810.582126994848,"[3621.022575161762, 5439.782211262866, 1.895]",,"[3.853114047622987, -31.101644761460356, 0.0]","[0.0, 0.0, 0.0]",10810.58201979124,25.0,1761.0,"[0.0, 0.0, 0.0]",2.27456092991145e-09
151,2,10810.6,"[3587.730560567889, 5759.679150066252, 1.895]","[0.0, 0.0, 0.0]","[-0.029820428103744002, 30.73568585838132, 0.0]","[0.0, 0.0, 0.0]",,,,,
152,3,10810.63658363308,"[3603.104602862711, 6050.462713124696, 1.895]",,"[-3.579117336991937, -31.0574067930121, 0.0]","[0.0, 0.0, 0.0]",10810.636468096216,61.0,1786.0,"[0.0, 0.0, 0.0]",9.446556278641286e-09
153,2,10810.699999999999,"[3587.7275725018926, 5762.758926703452, 1.895]","[0.0, 0.0, 0.0]","[-0.029916561249054, 30.834769551765806, 0.0]","[0.0, 0.0, 0.0]",,,,,
154,2,10810.8,"[3587.724592188195, 5765.830713105912, 1.895]","[0.0, 0.0, 0.0]","[-0.029838945118032003, 30.75477120256904, 0.0]","[0.0, 0.0, 0.0]",,,,,
155,2,10810.9,"[3587.7216060452633, 5768.908507655536, 1.895]","[0.0, 0.0, 0.0]","[-0.029897307500689002, 30.81492486143172, 0.0]","[0.0, 0.0, 0.0]",,,,,
156,2,10811.0,"[3587.718619646491, 5771.986565897967, 1.895]","[0.0, 0.0, 0.0]","[-0.029899868979321002, 30.81756495775414, 0.0]","[0.0, 0.0, 0.0]",,,,,
157,3,10811.068190548927,"[5560.0, 5820.0, 1.895]",,"[-1.264056954836808, -32.285830398929306, 0.0]","[0.0, 0.0, 0.0]",10811.068074076204,49.0,1825.0,"[0.0, 0.0, 0.0]",1.5466559598643342e-09
158,2,10811.1,"[3587.715628815547, 5775.069192345418, 1.895]","[0.0, 0.0, 0.0]","[-0.029944243945870003, 30.863301894430272, 0.0]","[0.0, 0.0, 0.0]",,,,,
159,2,10811.199999999999,"[3587.71263861853, 5778.1511654090555, 1.895]","[0.0, 0.0, 0.0]","[-0.029937897058049, 30.856760205974997, 0.0]","[0.0, 0.0, 0.0]",,,,,
160,2,10811.3,"[3587.7096521340095, 5781.229312031683, 1.895]","[0.0, 0.0, 0.0]","[-0.029900727493373, 30.81844982158414, 0.0]","[0.0, 0.0, 0.0]",,,,,
161,3,10811.392898816137,"[3589.1626570628237, 5969.03450871884, 1.895]",,"[2.882762211234023, 38.7704133659448, 0.0]","[0.0, 0.0, 0.0]",10811.392784793165,13.0,1850.0,"[0.0, 0.0, 0.0]",8.86255058774952e-09
162,2,10811.4,"[3587.7066741397925, 5784.298707763248, 1.895]","[0.0, 0.0, 0.0]","[-0.029815722442925, 30.730835769973197, 0.0]","[0.0, 0.0, 0.0]",,,,,
163,2,10811.5,"[3587.703686782854, 5787.377753580159, 1.895]","[0.0, 0.0, 0.0]","[-0.029909462149954002, 30.827452568156165, 0.0]","[0.0, 0.0, 0.0]",,,,,
164,2,10811.6,"[3587.7007036409586, 5790.452454984452, 1.895]","[0.0, 0.0, 0.0]","[-0.029867261077638003, 30.78395624431999, 0.0]","[0.0, 0.0, 0.0]",,,,,
165,3,10811.636580067343,"[3599.5201859423746, 6019.359319765638, 1.895]",,"[-3.576540192816008, -31.03504390084699, 0.0]","[0.0, 0.0, 0.0]",10811.636468096216,61.0,1952.0,"[0.0, 0.0, 0.0]",1.7774376701023563e-08
166,2,10811.699999999999,"[3587.6977167754503, 5793.530994288127, 1.895]","[0.0, 0.0, 0.0]","[-0.029904541947479, 30.82238135008918, 0.0]","[0.0, 0.0, 0.0]",,,,,
167,2,10811.8,"[3587.694739629198, 5796.599516029014, 1.895]","[0.0, 0.0, 0.0]","[-0.029807232607875003, 30.722085362293463, 0.0]","[0.0, 0.0, 0.0]",,,,,
168,2,10811.9,"[3587.6917505359684, 5799.680351428095, 1.895]","[0.0, 0.0, 0.0]","[-0.029926845925094002, 30.845369891473617, 0.0]","[0.0, 0.0, 0.0]",,,,,
169,2,10812.0,"[3587.6887696449116, 5802.752732909998, 1.895]","[0.0, 0.0, 0.0]","[-0.029844725644582, 30.76072914681926, 0.0]","[0.0, 0.0, 0.0]",,,,,
170,3,10812.068186983435,"[5560.0, 5820.0, 1.895]",,"[-1.264312947455506, -32.292368818212076, 0.0]","[0.0, 0.0, 0.0]",10812.068074076204,49.0,1991.0,"[0.0, 0.0, 0.0]",5.0722007968601255e-08
171,2,10812.1,"[3587.685783184328, 5805.830854860949, 1.895]","[0.0, 0.0, 0.0]","[-0.029900487835843002, 30.818202808410916, 0.0]","[0.0, 0.0, 0.0]",,,,,
172,2,10812.199999999999,"[3587.6827934328894, 5808.912368670353, 1.895]","[0.0, 0.0, 0.0]","[-0.029933435920418004, 30.852162145735175, 0.0]","[0.0, 0.0, 0.0]",,,,,
173,2,10812.3,"[3587.6798090411926, 5811.988358235495, 1.895]","[0.0, 0.0, 0.0]","[-0.029879774109419003, 30.796853329923003, 0.0]","[0.0, 0.0, 0.0]",,,,,
174,3,10812.392895722242,"[3592.0433638806035, 6007.777278995266, 1.895]",,"[2.885794192183747, 38.811190629598514, 0.0]","[0.0, 0.0, 0.0]",10812.392784793165,13.0,2020.0,"[0.0, 0.0, 0.0]",1.279597538726982e-08
175,2,10812.4,"[3587.6768229632257, 5815.066085826094, 1.895]","[0.0, 0.0, 0.0]","[-0.02989665706919, 30.81425446668914, 0.0]","[0.0, 0.0, 0.0]",,,,,
176,2,10812.5,"[3587.6738419209564, 5818.138623162123, 1.895]","[0.0, 0.0, 0.0]","[-0.029846239591871004, 30.76228956064403, 0.0]","[0.0, 0.0, 0.0]",,,,,
177,3,10812.582133137883,"[3628.6679040107692, 5378.070489521054, 1.895]",,"[3.806090333245026, -30.722077782162152, 0.0]","[0.0, 0.0, 0.0]",10812.58201979124,25.0,2095.0,"[0.0, 0.0, 0.0]",5.9779854228204806e-09
178,2,10812.6,"[3587.6708642272088, 5821.207709202521, 1.895]","[0.0, 0.0, 0.0]","[-0.029812714142041, 30.727735137392248, 0.0]","[0.0, 0.0, 0.0]",,,,,
179,2,10812.699999999999,"[3587.6678756414553, 5824.288021549336, 1.895]","[0.0, 0.0, 0.0]","[-0.029921765064593004, 30.840133084412287, 0.0]","[0.0, 0.0, 0.0]",,,,,
180,2,10812.8,"[3587.6648891085574, 5827.36621803393, 1.895]","[0.0, 0.0, 0.0]","[-0.029901211846225004, 30.818949040342527, 0.0]","[0.0, 0.0, 0.0]",,,,,
181,2,10812.9,"[3587.6619122710404, 5830.434421564075, 1.895]","[0.0, 0.0, 0.0]","[-0.029804141548909, 30.71889943159443, 0.0]","[0.0, 0.0, 0.0]",,,,,
182,2,10813.0,"[3587.6589309367773, 5833.50725985573, 1.895]","[0.0, 0.0, 0.0]","[-0.029849163036812003, 30.7653027328563, 0.0]","[0.0, 0.0, 0.0]",,,,,
183,3,10813.068189797892,"[5560.0, 5820.0, 1.895]",,"[-0.018880067373202, -32.40527563540063, 0.0]","[0.0, 0.0, 0.0]",10813.068074076204,49.0,2159.0,"[0.0, 0.0, 0.0]",1.8798418507390022e-07
184,2,10813.1,"[3587.6559417610024, 5836.588180333039, 1.895]","[0.0, 0.0, 0.0]","[-0.0299276723674, 30.84622169597548, 0.0]","[0.0, 0.0, 0.0]",,,,,
185,2,10813.199999999999,"[3587.652956737694, 5839.664820895617, 1.895]","[0.0, 0.0, 0.0]","[-0.029886097816289002, 30.80337112594916, 0.0]","[0.0, 0.0, 0.0]",,,,,
186,2,10813.3,"[3587.64997618655, 5842.736852032549, 1.895]","[0.0, 0.0, 0.0]","[-0.029841322437778, 30.757221487745035, 0.0]","[0.0, 0.0, 0.0]",,,,,
187,3,10813.392899007984,"[3596.1129651403676, 6046.435887419441, 1.895]",,"[4.084638355084353, 38.65489588513223, 0.0]","[0.0, 0.0, 0.0]",10813.392784793165,13.0,2184.0,"[0.0, 0.0, 0.0]",8.719310428318184e-09
188,2,10813.4,"[3587.6469919709716, 5845.812660073549, 1.895]","[0.0, 0.0, 0.0]","[-0.029878010806832004, 30.79503590751018, 0.0]","[0.0, 0.0, 0.0]",,,,,
189,3,10813.456265629864,"[3634.8602939145794, 5304.963701156254, 1.895]",,"[4.657044367540613, -29.582815925626107, 0.0]","[0.0, 0.0, 0.0]",10813.456150335958,31.0,2238.0,"[0.0, 0.0, 0.0]",2.177594080063503e-09
190,2,10813.5,"[3587.644015466061, 5848.880520788742, 1.895]","[0.0, 0.0, 0.0]","[-0.029800811487774, 30.71546716319848, 0.0]","[0.0, 0.0, 0.0]",,,,,
191,3,10813.582138650396,"[3632.4644460729223, 5347.425483668742, 1.895]",,"[3.7962315244977303, -30.64249924811416, 0.0]","[0.0, 0.0, 0.0]",10813.58201979124,25.0,2267.0,"[0.0, 0.0, 0.0]",4.0168348237820894e-09
192,2,10813.6,"[3587.641035631806, 5851.951813033313, 1.895]","[0.0, 0.0, 0.0]","[-0.029834144930711, 30.74982368642184, 0.0]","[0.0, 0.0, 0.0]",,,,,
193,3,10813.636577946192,"[3594.8065003841034, 5956.910497014327, 1.895]",,"[-2.075409504615127, -31.264648443803164, 0.0]","[0.0, 0.0, 0.0]",10813.636468096216,61.0,2292.0,"[0.0, 0.0, 0.0]",3.8974128364932356e-08
194,2,10813.699999999999,"[3587.638054704403, 5855.024231977043, 1.895]","[0.0, 0.0, 0.0]","[-0.029845089544040002, 30.761104215191324, 0.0]","[0.0, 0.0, 0.0]",,,,,
195,2,10813.8,"[3587.6350746031585, 5858.095799406377, 1.895]","[0.0, 0.0, 0.0]","[-0.029836818040749002, 30.75257884037645, 0.0]","[0.0, 0.0, 0.0]",,,,,
196,2,10813.9,"[3587.6320977214286, 5861.164048506103, 1.895]","[0.0, 0.0, 0.0]","[-0.029804584206068, 30.719355674923577, 0.0]","[0.0, 0.0, 0.0]",,,,,
197,2,10814.0,"[3587.629113188909, 5864.240183216311, 1.895]","[0.0, 0.0, 0.0]","[-0.029881184030256, 30.79830652448358, 0.0]","[0.0, 0.0, 0.0]",,,,,
198,3,10814.068185145916,"[5560.0, 5820.0, 1.895]",,"[-0.018841480657512, -32.33904636688297, 0.0]","[0.0, 0.0, 0.0]",10814.068074076204,49.0,2331.0,"[0.0, 0.0, 0.0]",1.8753620208915864e-08
199,2,10814.1,"[3587.6261237204253, 5867.321405386175, 1.895]","[0.0, 0.0, 0.0]","[-0.029930602970764, 30.849242246319612, 0.0]","[0.0, 0.0, 0.0]",,,,,
200,2,10814.199999999999,"[3587.6231464959733, 5870.390007727564, 1.895]","[0.0, 0.0, 0.0]","[-0.029808015550970002, 30.722892335718367, 0.0]","[0.0, 0.0, 0.0]",,,,,
201,2,10814.3,"[3587.620155740755, 5873.47255612519, 1.895]","[0.0, 0.0, 0.0]","[-0.029943485779725002, 30.862520458417137, 0.0]","[0.0, 0.0, 0.0]",,,,,
202,2,10814.4,"[3587.6171680573307, 5876.551938448092, 1.895]","[0.0, 0.0, 0.0]","[-0.029912730929779002, 30.83082167115326, 0.0]","[0.0, 0.0, 0.0]",,,,,
203,2,10814.5,"[3587.6141869134103, 5879.624580555181, 1.895]","[0.0, 0.0, 0.0]","[-0.029847257324705, 30.763338530046827, 0.0]","[0.0, 0.0, 0.0]",,,,,
204,3,10814.582139156018,"[3636.3241586280546, 5316.89671106465, 1.895]",,"[4.307119972974389, -30.478126163277203, 0.0]","[0.0, 0.0, 0.0]",10814.58201979124,25.0,2404.0,"[0.0, 0.0, 0.0]",1.7870511328318994e-09
205,2,10814.6,"[3587.611200398227, 5882.702758781359, 1.895]","[0.0, 0.0, 0.0]","[-0.029901034486281, 30.818766236813104, 0.0]","[0.0, 0.0, 0.0]",,,,,
206,3,10814.63658547586,"[3592.862864099637, 5925.659941290706, 1.895]",,"[-1.3917736654996231, -31.221989778881888, 0.0]","[0.0, 0.0, 0.0]",10814.636468096216,61.0,2424.0,"[0.0, 0.0, 0.0]",1.85178222227093e-07
207,2,10814.699999999999,"[3587.6878696627377, 5885.768948880643, 1.895]","[0.0, 0.0, 0.0]","[0.514602616661596, 30.71102501881289, 0.0]","[0.0, 0.0, 0.0]",,,,,
208,2,10814.8,"[3587.8183787443086, 5888.83425609094, 1.895]","[0.0, 0.0, 0.0]","[1.3066588680635491, 30.689901434159523, 0.0]","[0.0, 0.0, 0.0]",,,,,
209,2,10814.9,"[3587.949146582692, 5891.905640802613, 1.895]","[0.0, 0.0, 0.0]","[1.3092495451222321, 30.75074946842614, 0.0]","[0.0, 0.0, 0.0]",,,,,
210,2,10815.0,"[3588.080011938126, 5894.9793159274595, 1.895]","[0.0, 0.0, 0.0]","[1.310225887289216, 30.773681119227682, 0.0]","[0.0, 0.0, 0.0]",,,,,
211,3,10815.068180094886,"[5560.0, 5820.0, 1.895]",,"[-0.018858533199464, -32.36831492357987, 0.0]","[0.0, 0.0, 0.0]",10815.068074076204,49.0,2457.0,"[0.0, 0.0, 0.0]",6.240235317789234e-08
212,2,10815.1,"[3588.210587733622, 5898.046190068374, 1.895]","[0.0, 0.0, 0.0]","[1.307326808875431, 30.70558956683251, 0.0]","[0.0, 0.0, 0.0]",,,,,
213,2,10815.199999999999,"[3588.3410869712066, 5901.111266069907, 1.895]","[0.0, 0.0, 0.0]","[1.306560309921249, 30.68758656855973, 0.0]","[0.0, 0.0, 0.0]",,,,,
214,2,10815.3,"[3588.4721782677125, 5904.190247942671, 1.895]","[0.0, 0.0, 0.0]","[1.312488012665526, 30.826812358396158, 0.0]","[0.0, 0.0, 0.0]",,,,,
215,2,10815.4,"[3588.603101672137, 5907.265286482122, 1.895]","[0.0, 0.0, 0.0]","[1.310807074642668, 30.787331646553337, 0.0]","[0.0, 0.0, 0.0]",,,,,
216,2,10815.5,"[3588.733638938708, 5910.331255682242, 1.895]","[0.0, 0.0, 0.0]","[1.306941056703259, 30.6965292861186, 0.0]","[0.0, 0.0, 0.0]",,,,,
217,2,10815.6,"[3588.8642831649036, 5913.39973707619, 1.895]","[0.0, 0.0, 0.0]","[1.308011938059806, 30.721681408132522, 0.0]","[0.0, 0.0, 0.0]",,,,,
218,3,10815.636580183727,"[3591.6404900001307, 5894.37121641218, 1.895]",,"[-1.218935110492063, -31.200698159730074, 0.0]","[0.0, 0.0, 0.0]",10815.636468096216,61.0,2549.0,"[0.0, 0.0, 0.0]",5.196443358794242e-07
219,2,10815.699999999999,"[3588.9951882419714, 5916.474345155344, 1.895]","[0.0, 0.0, 0.0]","[1.310623580875812, 30.78302187163975, 0.0]","[0.0, 0.0, 0.0]",,,,,
220,2,10815.8,"[3589.1257100687226, 5919.539951715635, 1.895]","[0.0, 0.0, 0.0]","[1.306786472997398, 30.69289853075301, 0.0]","[0.0, 0.0, 0.0]",,,,,
221,2,10815.9,"[3589.2563229662264, 5922.607697282891, 1.895]","[0.0, 0.0, 0.0]","[1.307698274728328, 30.71431430034193, 0.0]","[0.0, 0.0, 0.0]",,,,,
222,2,10816.0,"[3589.3870224009816, 5925.677475377376, 1.895]","[0.0, 0.0, 0.0]","[1.3085646869781171, 30.734663993211825, 0.0]","[0.0, 0.0, 0.0]",,,,,
223,3,10816.068188096238,"[5560.0, 5820.0, 1.895]",,"[-0.01883275626299, -32.32407202861638, 0.0]","[0.0, 0.0, 0.0]",10816.068074076204,49.0,2582.0,"[0.0, 0.0, 0.0]",1.244774062840148e-08
224,2,10816.1,"[3589.517952682722, 5928.752675446468, 1.895]","[0.0, 0.0, 0.0]","[1.310875930428781, 30.788948883722597, 0.0]","[0.0, 0.0, 0.0]",,,,,
225,2,10816.199999999999,"[3589.699724891399, 5931.817911494852, 1.895]","[0.0, 0.0, 0.0]","[1.657930085468493, 30.70224113366304, 0.0]","[0.0, 0.0, 0.0]",,,,,
226,2,10816.3,"[3589.928366246121, 5934.888576735474, 1.895]","[0.0, 0.0, 0.0]","[2.28916064811507, 30.743546113551513, 0.0]","[0.0, 0.0, 0.0]",,,,,
227,2,10816.4,"[3590.156993564201, 5937.959053463264, 1.895]","[0.0, 0.0, 0.0]","[2.289020113044468, 30.741658720271726, 0.0]","[0.0, 0.0, 0.0]",,,,,
228,2,10816.5,"[3590.3855657774106, 5941.028790129784, 1.895]","[0.0, 0.0, 0.0]","[2.288468402258534, 30.734249215824306, 0.0]","[0.0, 0.0, 0.0]",,,,,
229,2,10816.6,"[3590.6141503038048, 5944.098692163017, 1.895]","[0.0, 0.0, 0.0]","[2.288591682048895, 30.73590486980267, 0.0]","[0.0, 0.0, 0.0]",,,,,
230,3,10816.636578273898,"[3591.2277535518883, 5863.079071338155, 1.895]",,"[-0.018215279318806, -31.296126776526876, 0.0]","[0.0, 0.0, 0.0]",10816.636468096216,61.0,2686.0,"[0.0, 0.0, 0.0]",9.072105631143145e-08
231,2,10816.699999999999,"[3590.842701199316, 5947.168142531744, 1.895]","[0.0, 0.0, 0.0]","[2.288254969143965, 30.73138279804321, 0.0]","[0.0, 0.0, 0.0]",,,,,
232,2,10816.8,"[3591.0711335171322, 5950.236000395892, 1.895]","[0.0, 0.0, 0.0]","[2.287067767503035, 30.715438618492477, 0.0]","[0.0, 0.0, 0.0]",,,,,
233,2,10816.9,"[3591.2992890220085, 5953.300140647909, 1.895]","[0.0, 0.0, 0.0]","[2.284296312222462, 30.678217830475653, 0.0]","[0.0, 0.0, 0.0]",,,,,
234,2,10817.0,"[3591.5281683928806, 5956.374002457756, 1.895]","[0.0, 0.0, 0.0]","[2.291543669352132, 30.775550212237867, 0.0]","[0.0, 0.0, 0.0]",,,,,
235,3,10817.068186193752,"[5560.0, 5820.0, 1.895]",,"[1.38457080132964, -32.241619160028876, 0.0]","[0.0, 0.0, 0.0]",10817.068074076204,49.0,2750.0,"[0.0, 0.0, 0.0]",7.486792529755089e-09
236,2,10817.1,"[3591.756225966243, 5959.436827484473, 1.895]","[0.0, 0.0, 0.0]","[2.283315820451032, 30.665049775182663, 0.0]","[0.0, 0.0, 0.0]",,,,,
237,2,10817.199999999999,"[3591.984969287128, 5962.508862135938, 1.895]","[0.0, 0.0, 0.0]","[2.290181534850788, 30.7572566753079, 0.0]","[0.0, 0.0, 0.0]",,,,,
238,2,10817.3,"[3592.2135526803822, 5965.578748951042, 1.895]","[0.0, 0.0, 0.0]","[2.288580337034261, 30.735752505668316, 0.0]","[0.0, 0.0, 0.0]",,,,,
239,2,10817.4,"[3592.4422162530796, 5968.649712580218, 1.895]","[0.0, 0.0, 0.0]","[2.28938309481385, 30.74653358420019, 0.0]","[0.0, 0.0, 0.0]",,,,,
240,2,10817.5,"[3592.670282759912, 5971.7126575838965, 1.895]","[0.0, 0.0, 0.0]","[2.283405262483413, 30.666250986311834, 0.0]","[0.0, 0.0, 0.0]",,,,,
241,2,10817.6,"[3592.898880004953, 5974.782730429214, 1.895]","[0.0, 0.0, 0.0]","[2.288719021329989, 30.737615042945656, 0.0]","[0.0, 0.0, 0.0]",,,,,
242,2,10817.699999999999,"[3593.12757294835, 5977.854088508412, 1.895]","[0.0, 0.0, 0.0]","[2.289677154695843, 30.7504828236933, 0.0]","[0.0, 0.0, 0.0]",,,,,
243,2,10817.8,"[3593.3557325684137, 5980.9182840276135, 1.895]","[0.0, 0.0, 0.0]","[2.2843375135429183, 30.678771166344152, 0.0]","[0.0, 0.0, 0.0]",,,,,
244,2,10817.9,"[3593.584568769088, 5983.991566059464, 1.895]","[0.0, 0.0, 0.0]","[2.2911114486864053, 30.76974546630231, 0.0]","[0.0, 0.0, 0.0]",,,,,
245,2,10818.0,"[3593.813019358086, 5987.059669306523, 1.895]","[0.0, 0.0, 0.0]","[2.287250698844102, 30.71789539583968, 0.0]","[0.0, 0.0, 0.0]",,,,,
246,3,10818.068186052053,"[5560.0, 5820.0, 1.895]",,"[1.387057542661145, -32.29952632294383, 0.0]","[0.0, 0.0, 0.0]",10818.068074076204,49.0,2931.0,"[0.0, 0.0, 0.0]",1.383007168739875e-08
247,2,10818.1,"[3594.041097863569, 5990.122775452701, 1.895]","[0.0, 0.0, 0.0]","[2.283525393152296, 30.66786434741932, 0.0]","[0.0, 0.0, 0.0]",,,,,
248,2,10818.199999999999,"[3594.269188770739, 5993.186048154182, 1.895]","[0.0, 0.0, 0.0]","[2.283649559030361, 30.669531901595203, 0.0]","[0.0, 0.0, 0.0]",,,,,
249,2,10818.3,"[3594.497287981518, 5996.24943237355, 1.895]","[0.0, 0.0, 0.0]","[2.283732694881245, 30.670648420338566, 0.0]","[0.0, 0.0, 0.0]",,,,,
250,2,10818.4,"[3594.7255645365476, 5999.315198335396, 1.895]","[0.0, 0.0, 0.0]","[2.285508268158535, 30.694494461492763, 0.0]","[0.0, 0.0, 0.0]",,,,,
251,2,10818.5,"[3594.9541672348687, 6002.385344418548, 1.895]","[0.0, 0.0, 0.0]","[2.288773619652132, 30.738348301234705, 0.0]","[0.0, 0.0, 0.0]",,,,,
252,2,10818.6,"[3595.1828564496177, 6005.456652421812, 1.895]","[0.0, 0.0, 0.0]","[2.289639823417159, 30.749981462686304, 0.0]","[0.0, 0.0, 0.0]",,,,,
253,3,10818.636574378348,"[3591.191322125028, 5800.485326063798, 1.895]",,"[-0.018204317292683, -31.27729264539649, 0.0]","[0.0, 0.0, 0.0]",10818.636468096216,61.0,3035.0,"[0.0, 0.0, 0.0]",1.8184882729654843e-08
254,2,10818.699999999999,"[3595.4280262478114, 6008.51949336568, 1.895]","[0.0, 0.0, 0.0]","[2.400936711070492, 30.671631715293362, 0.0]","[0.0, 0.0, 0.0]",,,,,
255,2,10818.8,"[3595.750443654035, 6011.572701739159, 1.895]","[0.0, 0.0, 0.0]","[3.044853607475362, 30.58755822644578, 0.0]","[0.0, 0.0, 0.0]",,,,,
256,2,10818.9,"[3596.0731085445755, 6014.62825372429, 1.895]","[0.0, 0.0, 0.0]","[3.230525688808925, 30.592231974527653, 0.0]","[0.0, 0.0, 0.0]",,,,,
257,2,10819.0,"[3596.396243441826, 6017.68825654983, 1.895]","[0.0, 0.0, 0.0]","[3.235231402983975, 30.63679385498311, 0.0]","[0.0, 0.0, 0.0]",,,,,
258,3,10819.068182311727,"[5560.0, 5820.0, 1.895]",,"[1.38494806228523, -32.25040419583322, 0.0]","[0.0, 0.0, 0.0]",10819.068074076204,49.0,3103.0,"[0.0, 0.0, 0.0]",1.4375209779938302e-09
259,2,10819.1,"[3596.719284144723, 6020.747367379525, 1.895]","[0.0, 0.0, 0.0]","[3.234288327720008, 30.6278631792901, 0.0]","[0.0, 0.0, 0.0]",,,,,
260,2,10819.199999999999,"[3597.04279038367, 6023.810886713653, 1.895]","[0.0, 0.0, 0.0]","[3.238949281579769, 30.67200119133861, 0.0]","[0.0, 0.0, 0.0]",,,,,
261,2,10819.3,"[3597.3656535618356, 6026.868316430646, 1.895]","[0.0, 0.0, 0.0]","[3.232510947463769, 30.611031853882565, 0.0]","[0.0, 0.0, 0.0]",,,,,
262,2,10819.4,"[3597.6879438121387, 6029.920320670868, 1.895]","[0.0, 0.0, 0.0]","[3.226774785172391, 30.55671189967534, 0.0]","[0.0, 0.0, 0.0]",,,,,
263,2,10819.5,"[3598.0116027882655, 6032.985286386078, 1.895]","[0.0, 0.0, 0.0]","[3.240478488500528, 30.686482380249593, 0.0]","[0.0, 0.0, 0.0]",,,,,
264,2,10819.6,"[3598.3350850847896, 6036.0485789917375, 1.895]","[0.0, 0.0, 0.0]","[3.238709569688104, 30.66973118252809, 0.0]","[0.0, 0.0, 0.0]",,,,,
265,3,10819.636584051375,"[3591.1731003131868, 5769.17797559424, 1.895]",,"[-0.018201279422833002, -31.272073209317465, 0.0]","[0.0, 0.0, 0.0]",10819.636468096216,61.0,3192.0,"[0.0, 0.0, 0.0]",1.645600290152598e-09
266,2,10819.699999999999,"[3598.658361342383, 6039.109920462695, 1.895]","[0.0, 0.0, 0.0]","[3.236646704843987, 30.650196392831806, 0.0]","[0.0, 0.0, 0.0]",,,,,
267,2,10819.8,"[3598.9816048417806, 6042.170951722123, 1.895]","[0.0, 0.0, 0.0]","[3.236318729300106, 30.647090550380483, 0.0]","[0.0, 0.0, 0.0]",,,,,
268,2,10819.9,"[3599.3048160476346, 6045.231677170149, 1.895]","[0.0, 0.0, 0.0]","[3.235995405860412, 30.64402876207142, 0.0]","[0.0, 0.0, 0.0]",,,,,
269,2,10820.0,"[3599.627761639136, 6048.289887319842, 1.895]","[0.0, 0.0, 0.0]","[3.2333360710102372, 30.618845557704336, 0.0]","[0.0, 0.0, 0.0]",,,,,
270,3,10820.068188367857,"[5560.0, 5820.0, 1.895]",,"[2.712745690253487, -32.22395152905128, 0.0]","[0.0, 0.0, 0.0]",10820.068074076204,49.0,3257.0,"[0.0, 0.0, 0.0]",2.4358152173413255e-09
271,2,10820.1,"[3599.9506115159425, 6051.347191076446, 1.895]","[0.0, 0.0, 0.0]","[3.232377774055699, 30.609770736595483, 0.0]","[0.0, 0.0, 0.0]",,,,,
272,2,10820.199999999999,"[3600.2738030949185, 6054.4077306630825, 1.895]","[0.0, 0.0, 0.0]","[3.2357989012688, 30.64216791507328, 0.0]","[0.0, 0.0, 0.0]",,,,,
273,2,10820.3,"[3600.596231332923, 6057.461041610687, 1.895]","[0.0, 0.0, 0.0]","[3.228156320090753, 30.569794673438743, 0.0]","[0.0, 0.0, 0.0]",,,,,
274,2,10820.4,"[3600.9194572567467, 6060.521906434037, 1.895]","[0.0, 0.0, 0.0]","[3.236142762395879, 30.645424189895376, 0.0]","[0.0, 0.0, 0.0]",,,,,
275,2,10820.5,"[3601.243073210982, 6063.586464743204, 1.895]","[0.0, 0.0, 0.0]","[3.240047752677807, 30.682403424877734, 0.0]","[0.0, 0.0, 0.0]",,,,,
276,2,10820.6,"[3601.566293721653, 6066.64727830541, 1.895]","[0.0, 0.0, 0.0]","[3.23608856582693, 30.644910962555556, 0.0]","[0.0, 0.0, 0.0]",,,,,
277,2,10820.699999999999,"[3601.8887757680936, 6069.701098804812, 1.895]","[0.0, 0.0, 0.0]","[3.228695050959043, 30.574896313630507, 0.0]","[0.0, 0.0, 0.0]",,,,,
278,2,10820.8,"[3602.211986472727, 6072.761819506412, 1.895]","[0.0, 0.0, 0.0]","[3.235990387630953, 30.64398124078904, 0.0]","[0.0, 0.0, 0.0]",,,,,
279,2,10820.9,"[3602.5354127979153, 6075.824582078182, 1.895]","[0.0, 0.0, 0.0]","[3.238149183838332, 30.66442447532823, 0.0]","[0.0, 0.0, 0.0]",,,,,
280,2,10821.0,"[3602.8581612018797, 6078.880924913557, 1.895]","[0.0, 0.0, 0.0]","[3.231361826449264, 30.60014997893929, 0.0]","[0.0, 0.0, 0.0]",,,,,
